model,category,prompt_id,version,duration,time_seconds
hunyuanvideo_1_5,animal,1,short,5s,1642.56
hunyuanvideo_1_5,animal,1,short,10s,1294.59
hunyuanvideo_1_5,animal,1,medium,5s,1323.81
hunyuanvideo_1_5_distilled,animal,1,short,5s,582.07
hunyuanvideo_1_5_distilled,animal,1,short,10s,1050.6
hunyuanvideo_1_5_distilled,animal,1,short,15s,388.87
hunyuanvideo_1_5_distilled,animal,1,medium,5s,180.86
hunyuanvideo_1_5_distilled,animal,1,medium,10s,191.21
hunyuanvideo_1_5_distilled,animal,1,medium,15s,376.55
hunyuanvideo_1_5_distilled,animal,1,long,5s,74.52
hunyuanvideo_1_5_distilled,animal,1,long,10s,192.38
hunyuanvideo_1_5_distilled,animal,1,long,15s,390.06
hunyuanvideo_1_5_distilled,animal,2,short,5s,81.08
hunyuanvideo_1_5_distilled,animal,2,short,10s,191.79
hunyuanvideo_1_5_distilled,animal,2,short,15s,389.95
hunyuanvideo_1_5_distilled,animal,2,medium,5s,72.49
hunyuanvideo_1_5_distilled,animal,2,medium,10s,193.99
hunyuanvideo_1_5_distilled,animal,2,medium,15s,385.54
hunyuanvideo_1_5_distilled,animal,2,long,5s,78.24
hunyuanvideo_1_5_distilled,animal,2,long,10s,195.74
hunyuanvideo_1_5_distilled,animal,2,long,15s,389.14
hunyuanvideo_1_5_distilled,animal,3,short,5s,79.46
hunyuanvideo_1_5_distilled,animal,3,short,10s,195.42
hunyuanvideo_1_5_distilled,animal,3,short,15s,388.53
hunyuanvideo_1_5_distilled,animal,3,medium,5s,74.42
hunyuanvideo_1_5_distilled,animal,3,medium,10s,192.76
hunyuanvideo_1_5_distilled,animal,3,medium,15s,384.86
hunyuanvideo_1_5_distilled,animal,3,long,5s,80.23
hunyuanvideo_1_5_distilled,animal,3,long,10s,193.67
hunyuanvideo_1_5_distilled,animal,3,long,15s,395.71
hunyuanvideo_1_5_distilled,animal,4,short,5s,73.43
hunyuanvideo_1_5_distilled,animal,4,short,10s,192.02
hunyuanvideo_1_5_distilled,animal,4,short,15s,389.65
hunyuanvideo_1_5_distilled,animal,4,medium,5s,84.98
hunyuanvideo_1_5_distilled,animal,4,medium,10s,195.14
hunyuanvideo_1_5_distilled,animal,4,medium,15s,389.91
hunyuanvideo_1_5_distilled,animal,4,long,5s,85.01
hunyuanvideo_1_5_distilled,animal,4,long,10s,193.97
hunyuanvideo_1_5_distilled,animal,4,long,15s,381.17
hunyuanvideo_1_5_distilled,animal,5,short,5s,74.91
hunyuanvideo_1_5_distilled,animal,5,short,10s,196.0
hunyuanvideo_1_5_distilled,animal,5,short,15s,381.09
hunyuanvideo_1_5_distilled,animal,5,medium,5s,77.83
hunyuanvideo_1_5_distilled,animal,5,medium,10s,194.65
hunyuanvideo_1_5_distilled,animal,5,medium,15s,385.46
hunyuanvideo_1_5_distilled,animal,5,long,5s,81.38
hunyuanvideo_1_5_distilled,animal,5,long,10s,195.28
hunyuanvideo_1_5_distilled,animal,5,long,15s,395.65
hunyuanvideo_1_5_distilled,architecture,1,short,5s,66.27
hunyuanvideo_1_5_distilled,architecture,1,short,10s,191.53
hunyuanvideo_1_5_distilled,architecture,1,short,15s,380.75
hunyuanvideo_1_5_distilled,architecture,1,medium,5s,60.14
hunyuanvideo_1_5_distilled,architecture,1,medium,10s,194.54
hunyuanvideo_1_5_distilled,architecture,1,medium,15s,380.73
hunyuanvideo_1_5_distilled,architecture,1,long,5s,63.35
hunyuanvideo_1_5_distilled,architecture,1,long,10s,194.15
hunyuanvideo_1_5_distilled,architecture,1,long,15s,380.14
hunyuanvideo_1_5_distilled,architecture,2,short,5s,62.41
hunyuanvideo_1_5_distilled,architecture,2,short,10s,189.15
hunyuanvideo_1_5_distilled,architecture,2,short,15s,378.76
hunyuanvideo_1_5_distilled,architecture,2,medium,5s,61.25
hunyuanvideo_1_5_distilled,architecture,2,medium,10s,193.5
hunyuanvideo_1_5_distilled,architecture,2,medium,15s,387.48
hunyuanvideo_1_5_distilled,architecture,2,long,5s,63.57
hunyuanvideo_1_5_distilled,architecture,2,long,10s,193.21
hunyuanvideo_1_5_distilled,architecture,2,long,15s,383.55
hunyuanvideo_1_5_distilled,architecture,3,short,5s,68.23
hunyuanvideo_1_5_distilled,architecture,3,short,10s,194.42
hunyuanvideo_1_5_distilled,architecture,3,short,15s,383.95
hunyuanvideo_1_5_distilled,architecture,3,medium,5s,59.38
hunyuanvideo_1_5_distilled,architecture,3,medium,10s,194.44
hunyuanvideo_1_5_distilled,architecture,3,medium,15s,384.36
hunyuanvideo_1_5_distilled,architecture,3,long,5s,68.84
hunyuanvideo_1_5_distilled,architecture,3,long,10s,192.64
hunyuanvideo_1_5_distilled,architecture,3,long,15s,390.38
hunyuanvideo_1_5_distilled,architecture,4,short,5s,62.13
hunyuanvideo_1_5_distilled,architecture,4,short,10s,195.77
hunyuanvideo_1_5_distilled,architecture,4,short,15s,383.35
hunyuanvideo_1_5_distilled,architecture,4,medium,5s,61.47
hunyuanvideo_1_5_distilled,architecture,4,medium,10s,190.53
hunyuanvideo_1_5_distilled,architecture,4,medium,15s,382.33
hunyuanvideo_1_5_distilled,architecture,4,long,5s,69.67
hunyuanvideo_1_5_distilled,architecture,4,long,10s,194.28
hunyuanvideo_1_5_distilled,architecture,4,long,15s,385.54
hunyuanvideo_1_5_distilled,architecture,5,short,5s,53.61
hunyuanvideo_1_5_distilled,architecture,5,short,10s,194.07
hunyuanvideo_1_5_distilled,architecture,5,short,15s,385.03
hunyuanvideo_1_5_distilled,architecture,5,medium,5s,61.33
hunyuanvideo_1_5_distilled,architecture,5,medium,10s,191.49
hunyuanvideo_1_5_distilled,architecture,5,medium,15s,382.9
hunyuanvideo_1_5_distilled,architecture,5,long,5s,70.94
hunyuanvideo_1_5_distilled,architecture,5,long,10s,190.67
hunyuanvideo_1_5_distilled,architecture,5,long,15s,381.27
hunyuanvideo_1_5_distilled,food,1,short,5s,69.17
hunyuanvideo_1_5_distilled,food,1,short,10s,191.09
hunyuanvideo_1_5_distilled,food,1,short,15s,381.54
hunyuanvideo_1_5_distilled,food,1,medium,5s,63.84
hunyuanvideo_1_5_distilled,food,1,medium,10s,189.56
hunyuanvideo_1_5_distilled,food,1,medium,15s,383.78
hunyuanvideo_1_5_distilled,food,1,long,5s,58.34
hunyuanvideo_1_5_distilled,food,1,long,10s,193.65
hunyuanvideo_1_5_distilled,food,1,long,15s,382.95
hunyuanvideo_1_5_distilled,food,2,short,5s,73.05
hunyuanvideo_1_5_distilled,food,2,short,10s,192.49
hunyuanvideo_1_5_distilled,food,2,short,15s,388.16
hunyuanvideo_1_5_distilled,food,2,medium,5s,57.94
hunyuanvideo_1_5_distilled,food,2,medium,10s,191.71
hunyuanvideo_1_5_distilled,food,2,medium,15s,384.17
hunyuanvideo_1_5_distilled,food,2,long,5s,70.78
hunyuanvideo_1_5_distilled,food,2,long,10s,188.72
hunyuanvideo_1_5_distilled,food,2,long,15s,386.73
hunyuanvideo_1_5_distilled,food,3,short,5s,65.92
hunyuanvideo_1_5_distilled,food,3,short,10s,194.89
hunyuanvideo_1_5_distilled,food,3,short,15s,385.66
hunyuanvideo_1_5_distilled,food,3,medium,5s,63.65
hunyuanvideo_1_5_distilled,food,3,medium,10s,190.94
hunyuanvideo_1_5_distilled,food,3,medium,15s,378.15
hunyuanvideo_1_5_distilled,food,3,long,5s,64.25
hunyuanvideo_1_5_distilled,food,3,long,10s,191.58
hunyuanvideo_1_5_distilled,food,3,long,15s,390.67
hunyuanvideo_1_5_distilled,food,4,short,5s,60.86
hunyuanvideo_1_5_distilled,food,4,short,10s,192.56
hunyuanvideo_1_5_distilled,food,4,short,15s,376.93
hunyuanvideo_1_5_distilled,food,4,medium,5s,61.77
hunyuanvideo_1_5_distilled,food,4,medium,10s,192.45
hunyuanvideo_1_5_distilled,food,4,medium,15s,386.09
hunyuanvideo_1_5_distilled,food,4,long,5s,69.53
hunyuanvideo_1_5_distilled,food,4,long,10s,191.86
hunyuanvideo_1_5_distilled,food,4,long,15s,378.66
hunyuanvideo_1_5_distilled,food,5,short,5s,65.36
hunyuanvideo_1_5_distilled,food,5,short,10s,192.94
hunyuanvideo_1_5_distilled,food,5,short,15s,384.82
hunyuanvideo_1_5_distilled,food,5,medium,5s,60.48
hunyuanvideo_1_5_distilled,food,5,medium,10s,194.12
hunyuanvideo_1_5_distilled,food,5,medium,15s,383.27
hunyuanvideo_1_5_distilled,food,5,long,5s,66.38
hunyuanvideo_1_5_distilled,food,5,long,10s,194.39
hunyuanvideo_1_5_distilled,food,5,long,15s,385.27
hunyuanvideo_1_5_distilled,human,1,short,5s,58.87
hunyuanvideo_1_5_distilled,human,1,short,10s,172.19
hunyuanvideo_1_5_distilled,human,1,short,15s,340.66
hunyuanvideo_1_5_distilled,human,1,medium,5s,58.84
hunyuanvideo_1_5_distilled,human,1,medium,10s,172.16
hunyuanvideo_1_5_distilled,human,1,medium,15s,340.83
hunyuanvideo_1_5_distilled,human,1,long,5s,58.92
hunyuanvideo_1_5_distilled,human,1,long,10s,172.19
hunyuanvideo_1_5_distilled,human,1,long,15s,341.04
hunyuanvideo_1_5_distilled,human,2,short,5s,58.77
hunyuanvideo_1_5_distilled,human,2,short,10s,172.15
hunyuanvideo_1_5_distilled,human,2,short,15s,340.9
hunyuanvideo_1_5_distilled,human,2,medium,5s,58.81
hunyuanvideo_1_5_distilled,human,2,medium,10s,172.08
hunyuanvideo_1_5_distilled,human,2,medium,15s,341.11
hunyuanvideo_1_5_distilled,human,2,long,5s,58.88
hunyuanvideo_1_5_distilled,human,2,long,10s,172.2
hunyuanvideo_1_5_distilled,human,2,long,15s,341.09
hunyuanvideo_1_5_distilled,human,3,short,5s,58.84
hunyuanvideo_1_5_distilled,human,3,short,10s,172.19
hunyuanvideo_1_5_distilled,human,3,short,15s,340.72
hunyuanvideo_1_5_distilled,human,3,medium,5s,58.86
hunyuanvideo_1_5_distilled,human,3,medium,10s,172.21
hunyuanvideo_1_5_distilled,human,3,medium,15s,340.99
hunyuanvideo_1_5_distilled,human,3,long,5s,58.91
hunyuanvideo_1_5_distilled,human,3,long,10s,172.19
hunyuanvideo_1_5_distilled,human,3,long,15s,340.96
hunyuanvideo_1_5_distilled,human,4,short,5s,58.73
hunyuanvideo_1_5_distilled,human,4,short,10s,171.91
hunyuanvideo_1_5_distilled,human,4,short,15s,340.83
hunyuanvideo_1_5_distilled,human,4,medium,5s,58.76
hunyuanvideo_1_5_distilled,human,4,medium,10s,171.9
hunyuanvideo_1_5_distilled,human,4,medium,15s,340.56
hunyuanvideo_1_5_distilled,human,4,long,5s,58.81
hunyuanvideo_1_5_distilled,human,4,long,10s,171.96
hunyuanvideo_1_5_distilled,human,4,long,15s,340.84
hunyuanvideo_1_5_distilled,human,5,short,5s,58.78
hunyuanvideo_1_5_distilled,human,5,short,10s,172.02
hunyuanvideo_1_5_distilled,human,5,short,15s,341.05
hunyuanvideo_1_5_distilled,human,5,medium,5s,58.75
hunyuanvideo_1_5_distilled,human,5,medium,10s,172.0
hunyuanvideo_1_5_distilled,human,5,medium,15s,341.09
hunyuanvideo_1_5_distilled,human,5,long,5s,58.84
hunyuanvideo_1_5_distilled,human,5,long,10s,172.03
hunyuanvideo_1_5_distilled,human,5,long,15s,340.91
hunyuanvideo_1_5_distilled,lifestyle,1,short,5s,64.91
hunyuanvideo_1_5_distilled,lifestyle,1,short,10s,213.74
hunyuanvideo_1_5_distilled,lifestyle,1,short,15s,428.01
hunyuanvideo_1_5_distilled,lifestyle,1,medium,5s,62.45
hunyuanvideo_1_5_distilled,lifestyle,1,medium,10s,209.47
hunyuanvideo_1_5_distilled,lifestyle,1,medium,15s,433.31
hunyuanvideo_1_5_distilled,lifestyle,1,long,5s,64.2
hunyuanvideo_1_5_distilled,lifestyle,1,long,10s,210.32
hunyuanvideo_1_5_distilled,lifestyle,1,long,15s,432.08
hunyuanvideo_1_5_distilled,lifestyle,2,short,5s,61.53
hunyuanvideo_1_5_distilled,lifestyle,2,short,10s,205.62
hunyuanvideo_1_5_distilled,lifestyle,2,short,15s,428.25
hunyuanvideo_1_5_distilled,lifestyle,2,medium,5s,64.67
hunyuanvideo_1_5_distilled,lifestyle,2,medium,10s,207.96
hunyuanvideo_1_5_distilled,lifestyle,2,medium,15s,430.69
hunyuanvideo_1_5_distilled,lifestyle,2,long,5s,66.27
hunyuanvideo_1_5_distilled,lifestyle,2,long,10s,207.15
hunyuanvideo_1_5_distilled,lifestyle,2,long,15s,429.19
hunyuanvideo_1_5_distilled,lifestyle,3,short,5s,62.87
hunyuanvideo_1_5_distilled,lifestyle,3,short,10s,206.13
hunyuanvideo_1_5_distilled,lifestyle,3,short,15s,428.91
hunyuanvideo_1_5_distilled,lifestyle,3,medium,5s,63.51
hunyuanvideo_1_5_distilled,lifestyle,3,medium,10s,207.67
hunyuanvideo_1_5_distilled,lifestyle,3,medium,15s,429.21
hunyuanvideo_1_5_distilled,lifestyle,3,long,5s,65.76
hunyuanvideo_1_5_distilled,lifestyle,3,long,10s,208.02
hunyuanvideo_1_5_distilled,lifestyle,3,long,15s,428.68
hunyuanvideo_1_5_distilled,lifestyle,4,short,5s,67.99
hunyuanvideo_1_5_distilled,lifestyle,4,short,10s,207.74
hunyuanvideo_1_5_distilled,lifestyle,4,short,15s,428.6
hunyuanvideo_1_5_distilled,lifestyle,4,medium,5s,63.71
hunyuanvideo_1_5_distilled,lifestyle,4,medium,10s,213.97
hunyuanvideo_1_5_distilled,lifestyle,4,medium,15s,419.02
hunyuanvideo_1_5_distilled,lifestyle,4,long,5s,66.64
hunyuanvideo_1_5_distilled,lifestyle,4,long,10s,208.59
hunyuanvideo_1_5_distilled,lifestyle,4,long,15s,426.55
hunyuanvideo_1_5_distilled,lifestyle,5,short,5s,71.74
hunyuanvideo_1_5_distilled,lifestyle,5,short,10s,209.21
hunyuanvideo_1_5_distilled,lifestyle,5,short,15s,436.54
hunyuanvideo_1_5_distilled,lifestyle,5,medium,5s,61.83
hunyuanvideo_1_5_distilled,lifestyle,5,medium,10s,209.97
hunyuanvideo_1_5_distilled,lifestyle,5,medium,15s,424.88
hunyuanvideo_1_5_distilled,lifestyle,5,long,5s,60.78
hunyuanvideo_1_5_distilled,lifestyle,5,long,10s,209.36
hunyuanvideo_1_5_distilled,lifestyle,5,long,15s,425.77
hunyuanvideo_1_5_distilled,plant,1,short,5s,58.81
hunyuanvideo_1_5_distilled,plant,1,short,10s,171.85
hunyuanvideo_1_5_distilled,plant,1,short,15s,340.7
hunyuanvideo_1_5_distilled,plant,1,medium,5s,58.8
hunyuanvideo_1_5_distilled,plant,1,medium,10s,171.91
hunyuanvideo_1_5_distilled,plant,1,medium,15s,340.67
hunyuanvideo_1_5_distilled,plant,1,long,5s,58.86
hunyuanvideo_1_5_distilled,plant,1,long,10s,172.05
hunyuanvideo_1_5_distilled,plant,1,long,15s,340.63
hunyuanvideo_1_5_distilled,plant,2,short,5s,58.87
hunyuanvideo_1_5_distilled,plant,2,short,10s,171.96
hunyuanvideo_1_5_distilled,plant,2,short,15s,340.85
hunyuanvideo_1_5_distilled,plant,2,medium,5s,58.88
hunyuanvideo_1_5_distilled,plant,2,medium,10s,172.11
hunyuanvideo_1_5_distilled,plant,2,medium,15s,340.77
hunyuanvideo_1_5_distilled,plant,2,long,5s,58.87
hunyuanvideo_1_5_distilled,plant,2,long,10s,172.14
hunyuanvideo_1_5_distilled,plant,2,long,15s,341.05
hunyuanvideo_1_5_distilled,plant,3,short,5s,58.83
hunyuanvideo_1_5_distilled,plant,3,short,10s,171.97
hunyuanvideo_1_5_distilled,plant,3,short,15s,340.73
hunyuanvideo_1_5_distilled,plant,3,medium,5s,58.71
hunyuanvideo_1_5_distilled,plant,3,medium,10s,171.95
hunyuanvideo_1_5_distilled,plant,3,medium,15s,340.8
hunyuanvideo_1_5_distilled,plant,3,long,5s,58.85
hunyuanvideo_1_5_distilled,plant,3,long,10s,172.05
hunyuanvideo_1_5_distilled,plant,3,long,15s,340.94
hunyuanvideo_1_5_distilled,plant,4,short,5s,58.73
hunyuanvideo_1_5_distilled,plant,4,short,10s,171.92
hunyuanvideo_1_5_distilled,plant,4,short,15s,340.77
hunyuanvideo_1_5_distilled,plant,4,medium,5s,58.78
hunyuanvideo_1_5_distilled,plant,4,medium,10s,171.99
hunyuanvideo_1_5_distilled,plant,4,medium,15s,341.03
hunyuanvideo_1_5_distilled,plant,4,long,5s,58.82
hunyuanvideo_1_5_distilled,plant,4,long,10s,172.0
hunyuanvideo_1_5_distilled,plant,4,long,15s,341.2
hunyuanvideo_1_5_distilled,plant,5,short,5s,58.87
hunyuanvideo_1_5_distilled,plant,5,short,10s,171.9
hunyuanvideo_1_5_distilled,plant,5,short,15s,340.52
hunyuanvideo_1_5_distilled,plant,5,medium,5s,58.75
hunyuanvideo_1_5_distilled,plant,5,medium,10s,171.92
hunyuanvideo_1_5_distilled,plant,5,medium,15s,340.59
hunyuanvideo_1_5_distilled,plant,5,long,5s,58.96
hunyuanvideo_1_5_distilled,plant,5,long,10s,171.9
hunyuanvideo_1_5_distilled,plant,5,long,15s,340.88
hunyuanvideo_1_5_distilled,scenery,1,short,5s,87.56
hunyuanvideo_1_5_distilled,scenery,1,short,10s,206.61
hunyuanvideo_1_5_distilled,scenery,1,short,15s,435.17
hunyuanvideo_1_5_distilled,scenery,1,medium,5s,85.44
hunyuanvideo_1_5_distilled,scenery,1,medium,10s,214.73
hunyuanvideo_1_5_distilled,scenery,1,medium,15s,422.33
hunyuanvideo_1_5_distilled,scenery,1,long,5s,88.07
hunyuanvideo_1_5_distilled,scenery,1,long,10s,217.74
hunyuanvideo_1_5_distilled,scenery,1,long,15s,422.91
hunyuanvideo_1_5_distilled,scenery,2,short,5s,77.82
hunyuanvideo_1_5_distilled,scenery,2,short,10s,209.9
hunyuanvideo_1_5_distilled,scenery,2,short,15s,428.64
hunyuanvideo_1_5_distilled,scenery,2,medium,5s,90.37
hunyuanvideo_1_5_distilled,scenery,2,medium,10s,213.78
hunyuanvideo_1_5_distilled,scenery,2,medium,15s,363.5
hunyuanvideo_1_5_distilled,scenery,2,long,5s,118.35
hunyuanvideo_1_5_distilled,scenery,2,long,10s,171.74
hunyuanvideo_1_5_distilled,scenery,2,long,15s,340.53
hunyuanvideo_1_5_distilled,scenery,3,short,5s,58.91
hunyuanvideo_1_5_distilled,scenery,3,short,10s,172.04
hunyuanvideo_1_5_distilled,scenery,3,short,15s,340.72
hunyuanvideo_1_5_distilled,scenery,3,medium,5s,58.91
hunyuanvideo_1_5_distilled,scenery,3,medium,10s,172.13
hunyuanvideo_1_5_distilled,scenery,3,medium,15s,340.62
hunyuanvideo_1_5_distilled,scenery,3,long,5s,58.98
hunyuanvideo_1_5_distilled,scenery,3,long,10s,172.15
hunyuanvideo_1_5_distilled,scenery,3,long,15s,340.8
hunyuanvideo_1_5_distilled,scenery,4,short,5s,58.74
hunyuanvideo_1_5_distilled,scenery,4,short,10s,171.8
hunyuanvideo_1_5_distilled,scenery,4,short,15s,340.37
hunyuanvideo_1_5_distilled,scenery,4,medium,5s,58.79
hunyuanvideo_1_5_distilled,scenery,4,medium,10s,172.04
hunyuanvideo_1_5_distilled,scenery,4,medium,15s,340.17
hunyuanvideo_1_5_distilled,scenery,4,long,5s,58.74
hunyuanvideo_1_5_distilled,scenery,4,long,10s,171.82
hunyuanvideo_1_5_distilled,scenery,4,long,15s,340.16
hunyuanvideo_1_5_distilled,scenery,5,short,5s,58.84
hunyuanvideo_1_5_distilled,scenery,5,short,10s,172.03
hunyuanvideo_1_5_distilled,scenery,5,short,15s,340.82
hunyuanvideo_1_5_distilled,scenery,5,medium,5s,58.88
hunyuanvideo_1_5_distilled,scenery,5,medium,10s,172.2
hunyuanvideo_1_5_distilled,scenery,5,medium,15s,341.18
hunyuanvideo_1_5_distilled,scenery,5,long,5s,58.92
hunyuanvideo_1_5_distilled,scenery,5,long,10s,172.13
hunyuanvideo_1_5_distilled,scenery,5,long,15s,340.9
hunyuanvideo_1_5_distilled,vehicle,1,short,5s,58.68
hunyuanvideo_1_5_distilled,vehicle,1,short,10s,171.73
hunyuanvideo_1_5_distilled,vehicle,1,short,15s,362.08
hunyuanvideo_1_5_distilled,vehicle,1,medium,5s,58.85
hunyuanvideo_1_5_distilled,vehicle,1,medium,10s,171.8
hunyuanvideo_1_5_distilled,vehicle,1,medium,15s,340.61
hunyuanvideo_1_5_distilled,vehicle,1,long,5s,58.85
hunyuanvideo_1_5_distilled,vehicle,1,long,10s,172.08
hunyuanvideo_1_5_distilled,vehicle,1,long,15s,340.71
hunyuanvideo_1_5_distilled,vehicle,2,short,5s,58.72
hunyuanvideo_1_5_distilled,vehicle,2,short,10s,171.75
hunyuanvideo_1_5_distilled,vehicle,2,short,15s,340.62
hunyuanvideo_1_5_distilled,vehicle,2,medium,5s,58.72
hunyuanvideo_1_5_distilled,vehicle,2,medium,10s,171.62
hunyuanvideo_1_5_distilled,vehicle,2,medium,15s,340.47
hunyuanvideo_1_5_distilled,vehicle,2,long,5s,58.83
hunyuanvideo_1_5_distilled,vehicle,2,long,10s,171.88
hunyuanvideo_1_5_distilled,vehicle,2,long,15s,340.94
hunyuanvideo_1_5_distilled,vehicle,3,short,5s,58.77
hunyuanvideo_1_5_distilled,vehicle,3,short,10s,171.69
hunyuanvideo_1_5_distilled,vehicle,3,short,15s,340.26
hunyuanvideo_1_5_distilled,vehicle,3,medium,5s,58.85
hunyuanvideo_1_5_distilled,vehicle,3,medium,10s,172.02
hunyuanvideo_1_5_distilled,vehicle,3,medium,15s,340.57
hunyuanvideo_1_5_distilled,vehicle,3,long,5s,58.97
hunyuanvideo_1_5_distilled,vehicle,3,long,10s,172.08
hunyuanvideo_1_5_distilled,vehicle,3,long,15s,340.63
hunyuanvideo_1_5_distilled,vehicle,4,short,5s,58.67
hunyuanvideo_1_5_distilled,vehicle,4,short,10s,171.54
hunyuanvideo_1_5_distilled,vehicle,4,short,15s,340.02
hunyuanvideo_1_5_distilled,vehicle,4,medium,5s,58.71
hunyuanvideo_1_5_distilled,vehicle,4,medium,10s,171.58
hunyuanvideo_1_5_distilled,vehicle,4,medium,15s,340.56
hunyuanvideo_1_5_distilled,vehicle,4,long,5s,58.82
hunyuanvideo_1_5_distilled,vehicle,4,long,10s,171.67
hunyuanvideo_1_5_distilled,vehicle,4,long,15s,340.43
hunyuanvideo_1_5_distilled,vehicle,5,short,5s,58.72
hunyuanvideo_1_5_distilled,vehicle,5,short,10s,171.61
hunyuanvideo_1_5_distilled,vehicle,5,short,15s,340.25
hunyuanvideo_1_5_distilled,vehicle,5,medium,5s,58.75
hunyuanvideo_1_5_distilled,vehicle,5,medium,10s,171.67
hunyuanvideo_1_5_distilled,vehicle,5,medium,15s,340.44
hunyuanvideo_1_5_distilled,vehicle,5,long,5s,58.81
hunyuanvideo_1_5_distilled,vehicle,5,long,10s,171.82
hunyuanvideo_1_5_distilled,vehicle,5,long,15s,340.87
ltx_2_19b_distilled,animal,1,short,5s,276.9
ltx_2_19b_distilled,animal,1,short,10s,144.81
ltx_2_19b_distilled,animal,1,short,15s,127.13
ltx_2_19b_distilled,animal,1,medium,5s,26.79
ltx_2_19b_distilled,animal,1,medium,10s,80.95
ltx_2_19b_distilled,animal,1,medium,15s,124.51
ltx_2_19b_distilled,animal,1,long,5s,26.92
ltx_2_19b_distilled,animal,1,long,10s,81.31
ltx_2_19b_distilled,animal,1,long,15s,124.71
ltx_2_19b_distilled,animal,2,short,5s,27.06
ltx_2_19b_distilled,animal,2,short,10s,81.13
ltx_2_19b_distilled,animal,2,short,15s,124.92
ltx_2_19b_distilled,animal,2,medium,5s,26.82
ltx_2_19b_distilled,animal,2,medium,10s,81.16
ltx_2_19b_distilled,animal,2,medium,15s,124.93
ltx_2_19b_distilled,animal,2,long,5s,26.85
ltx_2_19b_distilled,animal,2,long,10s,81.32
ltx_2_19b_distilled,animal,2,long,15s,124.74
ltx_2_19b_distilled,animal,3,short,5s,27.07
ltx_2_19b_distilled,animal,3,short,10s,81.54
ltx_2_19b_distilled,animal,3,short,15s,124.74
ltx_2_19b_distilled,animal,3,medium,5s,47.14
ltx_2_19b_distilled,animal,3,medium,10s,81.13
ltx_2_19b_distilled,animal,3,medium,15s,124.97
ltx_2_19b_distilled,animal,3,long,5s,46.93
ltx_2_19b_distilled,animal,3,long,10s,81.38
ltx_2_19b_distilled,animal,3,long,15s,124.16
ltx_2_19b_distilled,animal,4,short,5s,46.39
ltx_2_19b_distilled,animal,4,short,10s,80.67
ltx_2_19b_distilled,animal,4,short,15s,124.22
ltx_2_19b_distilled,animal,4,medium,5s,46.31
ltx_2_19b_distilled,animal,4,medium,10s,80.94
ltx_2_19b_distilled,animal,4,medium,15s,124.66
ltx_2_19b_distilled,animal,4,long,5s,46.5
ltx_2_19b_distilled,animal,4,long,10s,80.64
ltx_2_19b_distilled,animal,4,long,15s,124.53
ltx_2_19b_distilled,animal,5,short,5s,47.03
ltx_2_19b_distilled,animal,5,short,10s,81.82
ltx_2_19b_distilled,animal,5,short,15s,125.05
ltx_2_19b_distilled,animal,5,medium,5s,46.61
ltx_2_19b_distilled,animal,5,medium,10s,81.51
ltx_2_19b_distilled,animal,5,medium,15s,124.82
ltx_2_19b_distilled,animal,5,long,5s,46.69
ltx_2_19b_distilled,animal,5,long,10s,81.48
ltx_2_19b_distilled,animal,5,long,15s,124.87
ltx_2_19b_distilled,architecture,1,short,5s,46.41
ltx_2_19b_distilled,architecture,1,short,10s,81.43
ltx_2_19b_distilled,architecture,1,short,15s,124.61
ltx_2_19b_distilled,architecture,1,medium,5s,46.75
ltx_2_19b_distilled,architecture,1,medium,10s,81.44
ltx_2_19b_distilled,architecture,1,medium,15s,125.21
ltx_2_19b_distilled,architecture,1,long,5s,47.11
ltx_2_19b_distilled,architecture,1,long,10s,81.96
ltx_2_19b_distilled,architecture,1,long,15s,125.34
ltx_2_19b_distilled,architecture,2,short,5s,46.51
ltx_2_19b_distilled,architecture,2,short,10s,80.84
ltx_2_19b_distilled,architecture,2,short,15s,125.0
ltx_2_19b_distilled,architecture,2,medium,5s,46.64
ltx_2_19b_distilled,architecture,2,medium,10s,81.02
ltx_2_19b_distilled,architecture,2,medium,15s,124.71
ltx_2_19b_distilled,architecture,2,long,5s,46.57
ltx_2_19b_distilled,architecture,2,long,10s,81.39
ltx_2_19b_distilled,architecture,2,long,15s,124.89
ltx_2_19b_distilled,architecture,3,short,5s,46.29
ltx_2_19b_distilled,architecture,3,short,10s,80.88
ltx_2_19b_distilled,architecture,3,short,15s,124.44
ltx_2_19b_distilled,architecture,3,medium,5s,46.43
ltx_2_19b_distilled,architecture,3,medium,10s,80.76
ltx_2_19b_distilled,architecture,3,medium,15s,124.37
ltx_2_19b_distilled,architecture,3,long,5s,46.35
ltx_2_19b_distilled,architecture,3,long,10s,80.97
ltx_2_19b_distilled,architecture,3,long,15s,124.62
ltx_2_19b_distilled,architecture,4,short,5s,46.74
ltx_2_19b_distilled,architecture,4,short,10s,81.08
ltx_2_19b_distilled,architecture,4,short,15s,124.31
ltx_2_19b_distilled,architecture,4,medium,5s,46.68
ltx_2_19b_distilled,architecture,4,medium,10s,81.04
ltx_2_19b_distilled,architecture,4,medium,15s,124.85
ltx_2_19b_distilled,architecture,4,long,5s,46.99
ltx_2_19b_distilled,architecture,4,long,10s,81.26
ltx_2_19b_distilled,architecture,4,long,15s,124.57
ltx_2_19b_distilled,architecture,5,short,5s,46.5
ltx_2_19b_distilled,architecture,5,short,10s,81.23
ltx_2_19b_distilled,architecture,5,short,15s,124.84
ltx_2_19b_distilled,architecture,5,medium,5s,46.5
ltx_2_19b_distilled,architecture,5,medium,10s,80.95
ltx_2_19b_distilled,architecture,5,medium,15s,124.85
ltx_2_19b_distilled,architecture,5,long,5s,46.59
ltx_2_19b_distilled,architecture,5,long,10s,80.91
ltx_2_19b_distilled,architecture,5,long,15s,124.91
ltx_2_19b_distilled,food,1,short,5s,46.59
ltx_2_19b_distilled,food,1,short,10s,81.75
ltx_2_19b_distilled,food,1,short,15s,125.47
ltx_2_19b_distilled,food,1,medium,5s,46.67
ltx_2_19b_distilled,food,1,medium,10s,81.41
ltx_2_19b_distilled,food,1,medium,15s,124.78
ltx_2_19b_distilled,food,1,long,5s,46.63
ltx_2_19b_distilled,food,1,long,10s,81.97
ltx_2_19b_distilled,food,1,long,15s,125.09
ltx_2_19b_distilled,food,2,short,5s,46.51
ltx_2_19b_distilled,food,2,short,10s,81.14
ltx_2_19b_distilled,food,2,short,15s,124.63
ltx_2_19b_distilled,food,2,medium,5s,46.55
ltx_2_19b_distilled,food,2,medium,10s,81.01
ltx_2_19b_distilled,food,2,medium,15s,124.59
ltx_2_19b_distilled,food,2,long,5s,46.62
ltx_2_19b_distilled,food,2,long,10s,81.2
ltx_2_19b_distilled,food,2,long,15s,124.41
ltx_2_19b_distilled,food,3,short,5s,46.51
ltx_2_19b_distilled,food,3,short,10s,81.28
ltx_2_19b_distilled,food,3,short,15s,124.88
ltx_2_19b_distilled,food,3,medium,5s,46.57
ltx_2_19b_distilled,food,3,medium,10s,81.17
ltx_2_19b_distilled,food,3,medium,15s,124.46
ltx_2_19b_distilled,food,3,long,5s,46.71
ltx_2_19b_distilled,food,3,long,10s,81.1
ltx_2_19b_distilled,food,3,long,15s,124.84
ltx_2_19b_distilled,food,4,short,5s,46.83
ltx_2_19b_distilled,food,4,short,10s,81.86
ltx_2_19b_distilled,food,4,short,15s,125.45
ltx_2_19b_distilled,food,4,medium,5s,46.87
ltx_2_19b_distilled,food,4,medium,10s,81.61
ltx_2_19b_distilled,food,4,medium,15s,124.72
ltx_2_19b_distilled,food,4,long,5s,46.62
ltx_2_19b_distilled,food,4,long,10s,81.02
ltx_2_19b_distilled,food,4,long,15s,124.86
ltx_2_19b_distilled,food,5,short,5s,46.33
ltx_2_19b_distilled,food,5,short,10s,80.8
ltx_2_19b_distilled,food,5,short,15s,124.31
ltx_2_19b_distilled,food,5,medium,5s,46.33
ltx_2_19b_distilled,food,5,medium,10s,80.9
ltx_2_19b_distilled,food,5,medium,15s,124.71
ltx_2_19b_distilled,food,5,long,5s,46.48
ltx_2_19b_distilled,food,5,long,10s,81.5
ltx_2_19b_distilled,food,5,long,15s,125.23
ltx_2_19b_distilled,human,1,short,5s,46.66
ltx_2_19b_distilled,human,1,short,10s,81.36
ltx_2_19b_distilled,human,1,short,15s,125.17
ltx_2_19b_distilled,human,1,medium,5s,46.8
ltx_2_19b_distilled,human,1,medium,10s,81.11
ltx_2_19b_distilled,human,1,medium,15s,124.7
ltx_2_19b_distilled,human,1,long,5s,46.49
ltx_2_19b_distilled,human,1,long,10s,81.36
ltx_2_19b_distilled,human,1,long,15s,125.48
ltx_2_19b_distilled,human,2,short,5s,46.48
ltx_2_19b_distilled,human,2,short,10s,80.99
ltx_2_19b_distilled,human,2,short,15s,124.43
ltx_2_19b_distilled,human,2,medium,5s,46.42
ltx_2_19b_distilled,human,2,medium,10s,80.52
ltx_2_19b_distilled,human,2,medium,15s,124.24
ltx_2_19b_distilled,human,2,long,5s,46.2
ltx_2_19b_distilled,human,2,long,10s,80.65
ltx_2_19b_distilled,human,2,long,15s,124.27
ltx_2_19b_distilled,human,3,short,5s,46.53
ltx_2_19b_distilled,human,3,short,10s,81.14
ltx_2_19b_distilled,human,3,short,15s,125.27
ltx_2_19b_distilled,human,3,medium,5s,46.7
ltx_2_19b_distilled,human,3,medium,10s,81.42
ltx_2_19b_distilled,human,3,medium,15s,125.21
ltx_2_19b_distilled,human,3,long,5s,46.57
ltx_2_19b_distilled,human,3,long,10s,81.09
ltx_2_19b_distilled,human,3,long,15s,124.69
ltx_2_19b_distilled,human,4,short,5s,46.37
ltx_2_19b_distilled,human,4,short,10s,80.82
ltx_2_19b_distilled,human,4,short,15s,124.54
ltx_2_19b_distilled,human,4,medium,5s,46.51
ltx_2_19b_distilled,human,4,medium,10s,81.26
ltx_2_19b_distilled,human,4,medium,15s,124.74
ltx_2_19b_distilled,human,4,long,5s,46.85
ltx_2_19b_distilled,human,4,long,10s,81.42
ltx_2_19b_distilled,human,4,long,15s,124.92
ltx_2_19b_distilled,human,5,short,5s,46.43
ltx_2_19b_distilled,human,5,short,10s,80.61
ltx_2_19b_distilled,human,5,short,15s,124.12
ltx_2_19b_distilled,human,5,medium,5s,46.49
ltx_2_19b_distilled,human,5,medium,10s,81.39
ltx_2_19b_distilled,human,5,medium,15s,124.22
ltx_2_19b_distilled,human,5,long,5s,46.56
ltx_2_19b_distilled,human,5,long,10s,80.73
ltx_2_19b_distilled,human,5,long,15s,124.82
ltx_2_19b_distilled,lifestyle,1,short,5s,46.4
ltx_2_19b_distilled,lifestyle,1,short,10s,80.98
ltx_2_19b_distilled,lifestyle,1,short,15s,124.64
ltx_2_19b_distilled,lifestyle,1,medium,5s,46.66
ltx_2_19b_distilled,lifestyle,1,medium,10s,81.33
ltx_2_19b_distilled,lifestyle,1,medium,15s,125.08
ltx_2_19b_distilled,lifestyle,1,long,5s,46.27
ltx_2_19b_distilled,lifestyle,1,long,10s,80.89
ltx_2_19b_distilled,lifestyle,1,long,15s,125.16
ltx_2_19b_distilled,lifestyle,2,short,5s,46.26
ltx_2_19b_distilled,lifestyle,2,short,10s,80.7
ltx_2_19b_distilled,lifestyle,2,short,15s,125.44
ltx_2_19b_distilled,lifestyle,2,medium,5s,46.59
ltx_2_19b_distilled,lifestyle,2,medium,10s,81.61
ltx_2_19b_distilled,lifestyle,2,medium,15s,125.2
ltx_2_19b_distilled,lifestyle,2,long,5s,46.95
ltx_2_19b_distilled,lifestyle,2,long,10s,81.65
ltx_2_19b_distilled,lifestyle,2,long,15s,125.41
ltx_2_19b_distilled,lifestyle,3,short,5s,46.81
ltx_2_19b_distilled,lifestyle,3,short,10s,81.26
ltx_2_19b_distilled,lifestyle,3,short,15s,124.97
ltx_2_19b_distilled,lifestyle,3,medium,5s,46.8
ltx_2_19b_distilled,lifestyle,3,medium,10s,81.04
ltx_2_19b_distilled,lifestyle,3,medium,15s,124.57
ltx_2_19b_distilled,lifestyle,3,long,5s,46.55
ltx_2_19b_distilled,lifestyle,3,long,10s,81.29
ltx_2_19b_distilled,lifestyle,3,long,15s,125.36
ltx_2_19b_distilled,lifestyle,4,short,5s,46.85
ltx_2_19b_distilled,lifestyle,4,short,10s,81.57
ltx_2_19b_distilled,lifestyle,4,short,15s,124.97
ltx_2_19b_distilled,lifestyle,4,medium,5s,46.65
ltx_2_19b_distilled,lifestyle,4,medium,10s,81.53
ltx_2_19b_distilled,lifestyle,4,medium,15s,125.14
ltx_2_19b_distilled,lifestyle,4,long,5s,46.43
ltx_2_19b_distilled,lifestyle,4,long,10s,81.32
ltx_2_19b_distilled,lifestyle,4,long,15s,125.82
ltx_2_19b_distilled,lifestyle,5,short,5s,46.98
ltx_2_19b_distilled,lifestyle,5,short,10s,81.26
ltx_2_19b_distilled,lifestyle,5,short,15s,125.24
ltx_2_19b_distilled,lifestyle,5,medium,5s,46.52
ltx_2_19b_distilled,lifestyle,5,medium,10s,81.44
ltx_2_19b_distilled,lifestyle,5,medium,15s,125.07
ltx_2_19b_distilled,lifestyle,5,long,5s,46.76
ltx_2_19b_distilled,lifestyle,5,long,10s,81.55
ltx_2_19b_distilled,lifestyle,5,long,15s,125.34
ltx_2_19b_distilled,plant,1,short,5s,46.55
ltx_2_19b_distilled,plant,1,short,10s,80.87
ltx_2_19b_distilled,plant,1,short,15s,125.32
ltx_2_19b_distilled,plant,1,medium,5s,46.97
ltx_2_19b_distilled,plant,1,medium,10s,80.84
ltx_2_19b_distilled,plant,1,medium,15s,124.52
ltx_2_19b_distilled,plant,1,long,5s,46.65
ltx_2_19b_distilled,plant,1,long,10s,80.99
ltx_2_19b_distilled,plant,1,long,15s,124.76
ltx_2_19b_distilled,plant,2,short,5s,46.43
ltx_2_19b_distilled,plant,2,short,10s,80.87
ltx_2_19b_distilled,plant,2,short,15s,125.09
ltx_2_19b_distilled,plant,2,medium,5s,46.51
ltx_2_19b_distilled,plant,2,medium,10s,81.24
ltx_2_19b_distilled,plant,2,medium,15s,125.44
ltx_2_19b_distilled,plant,2,long,5s,46.58
ltx_2_19b_distilled,plant,2,long,10s,81.15
ltx_2_19b_distilled,plant,2,long,15s,124.94
ltx_2_19b_distilled,plant,3,short,5s,46.57
ltx_2_19b_distilled,plant,3,short,10s,81.09
ltx_2_19b_distilled,plant,3,short,15s,124.89
ltx_2_19b_distilled,plant,3,medium,5s,46.65
ltx_2_19b_distilled,plant,3,medium,10s,81.07
ltx_2_19b_distilled,plant,3,medium,15s,124.51
ltx_2_19b_distilled,plant,3,long,5s,46.56
ltx_2_19b_distilled,plant,3,long,10s,81.32
ltx_2_19b_distilled,plant,3,long,15s,124.49
ltx_2_19b_distilled,plant,4,short,5s,46.66
ltx_2_19b_distilled,plant,4,short,10s,81.12
ltx_2_19b_distilled,plant,4,short,15s,124.63
ltx_2_19b_distilled,plant,4,medium,5s,46.84
ltx_2_19b_distilled,plant,4,medium,10s,81.01
ltx_2_19b_distilled,plant,4,medium,15s,124.9
ltx_2_19b_distilled,plant,4,long,5s,46.61
ltx_2_19b_distilled,plant,4,long,10s,80.94
ltx_2_19b_distilled,plant,4,long,15s,124.75
ltx_2_19b_distilled,plant,5,short,5s,46.46
ltx_2_19b_distilled,plant,5,short,10s,81.46
ltx_2_19b_distilled,plant,5,short,15s,125.52
ltx_2_19b_distilled,plant,5,medium,5s,46.5
ltx_2_19b_distilled,plant,5,medium,10s,81.26
ltx_2_19b_distilled,plant,5,medium,15s,125.13
ltx_2_19b_distilled,plant,5,long,5s,46.58
ltx_2_19b_distilled,plant,5,long,10s,81.25
ltx_2_19b_distilled,plant,5,long,15s,125.29
ltx_2_19b_distilled,scenery,1,short,5s,46.95
ltx_2_19b_distilled,scenery,1,short,10s,81.81
ltx_2_19b_distilled,scenery,1,short,15s,126.25
ltx_2_19b_distilled,scenery,1,medium,5s,47.24
ltx_2_19b_distilled,scenery,1,medium,10s,81.88
ltx_2_19b_distilled,scenery,1,medium,15s,125.93
ltx_2_19b_distilled,scenery,1,long,5s,46.84
ltx_2_19b_distilled,scenery,1,long,10s,82.17
ltx_2_19b_distilled,scenery,1,long,15s,126.8
ltx_2_19b_distilled,scenery,2,short,5s,46.89
ltx_2_19b_distilled,scenery,2,short,10s,81.67
ltx_2_19b_distilled,scenery,2,short,15s,126.05
ltx_2_19b_distilled,scenery,2,medium,5s,47.11
ltx_2_19b_distilled,scenery,2,medium,10s,81.98
ltx_2_19b_distilled,scenery,2,medium,15s,125.6
ltx_2_19b_distilled,scenery,2,long,5s,47.04
ltx_2_19b_distilled,scenery,2,long,10s,81.67
ltx_2_19b_distilled,scenery,2,long,15s,125.18
ltx_2_19b_distilled,scenery,3,short,5s,46.36
ltx_2_19b_distilled,scenery,3,short,10s,80.91
ltx_2_19b_distilled,scenery,3,short,15s,124.7
ltx_2_19b_distilled,scenery,3,medium,5s,46.54
ltx_2_19b_distilled,scenery,3,medium,10s,81.47
ltx_2_19b_distilled,scenery,3,medium,15s,124.86
ltx_2_19b_distilled,scenery,3,long,5s,47.13
ltx_2_19b_distilled,scenery,3,long,10s,81.26
ltx_2_19b_distilled,scenery,3,long,15s,125.03
ltx_2_19b_distilled,scenery,4,short,5s,46.59
ltx_2_19b_distilled,scenery,4,short,10s,81.58
ltx_2_19b_distilled,scenery,4,short,15s,124.82
ltx_2_19b_distilled,scenery,4,medium,5s,46.6
ltx_2_19b_distilled,scenery,4,medium,10s,80.79
ltx_2_19b_distilled,scenery,4,medium,15s,125.41
ltx_2_19b_distilled,scenery,4,long,5s,46.66
ltx_2_19b_distilled,scenery,4,long,10s,81.53
ltx_2_19b_distilled,scenery,4,long,15s,125.35
ltx_2_19b_distilled,scenery,5,short,5s,46.62
ltx_2_19b_distilled,scenery,5,short,10s,81.2
ltx_2_19b_distilled,scenery,5,short,15s,124.84
ltx_2_19b_distilled,scenery,5,medium,5s,46.69
ltx_2_19b_distilled,scenery,5,medium,10s,81.18
ltx_2_19b_distilled,scenery,5,medium,15s,125.08
ltx_2_19b_distilled,scenery,5,long,5s,46.65
ltx_2_19b_distilled,scenery,5,long,10s,80.91
ltx_2_19b_distilled,scenery,5,long,15s,125.02
ltx_2_19b_distilled,vehicle,1,short,5s,46.33
ltx_2_19b_distilled,vehicle,1,short,10s,81.15
ltx_2_19b_distilled,vehicle,1,short,15s,189.77
ltx_2_19b_distilled,vehicle,1,medium,5s,49.76
ltx_2_19b_distilled,vehicle,1,medium,10s,81.38
ltx_2_19b_distilled,vehicle,1,medium,15s,125.38
ltx_2_19b_distilled,vehicle,1,long,5s,46.54
ltx_2_19b_distilled,vehicle,1,long,10s,81.3
ltx_2_19b_distilled,vehicle,1,long,15s,125.26
ltx_2_19b_distilled,vehicle,2,short,5s,46.27
ltx_2_19b_distilled,vehicle,2,short,10s,80.57
ltx_2_19b_distilled,vehicle,2,short,15s,124.54
ltx_2_19b_distilled,vehicle,2,medium,5s,46.31
ltx_2_19b_distilled,vehicle,2,medium,10s,80.55
ltx_2_19b_distilled,vehicle,2,medium,15s,123.91
ltx_2_19b_distilled,vehicle,2,long,5s,33.81
ltx_2_19b_distilled,vehicle,2,long,10s,61.66
ltx_2_19b_distilled,vehicle,2,long,15s,94.42
ltx_2_19b_distilled,vehicle,3,short,5s,40.77
ltx_2_19b_distilled,vehicle,3,short,10s,61.77
ltx_2_19b_distilled,vehicle,3,short,15s,91.2
ltx_2_19b_distilled,vehicle,3,medium,5s,37.73
ltx_2_19b_distilled,vehicle,3,medium,10s,61.45
ltx_2_19b_distilled,vehicle,3,medium,15s,94.18
ltx_2_19b_distilled,vehicle,3,long,5s,35.95
ltx_2_19b_distilled,vehicle,3,long,10s,62.59
ltx_2_19b_distilled,vehicle,3,long,15s,97.39
ltx_2_19b_distilled,vehicle,4,short,5s,40.4
ltx_2_19b_distilled,vehicle,4,short,10s,62.31
ltx_2_19b_distilled,vehicle,4,short,15s,92.96
ltx_2_19b_distilled,vehicle,4,medium,5s,26.65
ltx_2_19b_distilled,vehicle,4,medium,10s,62.62
ltx_2_19b_distilled,vehicle,4,medium,15s,97.73
ltx_2_19b_distilled,vehicle,4,long,5s,35.34
ltx_2_19b_distilled,vehicle,4,long,10s,61.81
ltx_2_19b_distilled,vehicle,4,long,15s,95.92
ltx_2_19b_distilled,vehicle,5,short,5s,23.04
ltx_2_19b_distilled,vehicle,5,short,10s,61.34
ltx_2_19b_distilled,vehicle,5,short,15s,95.82
ltx_2_19b_distilled,vehicle,5,medium,5s,42.18
ltx_2_19b_distilled,vehicle,5,medium,10s,61.51
ltx_2_19b_distilled,vehicle,5,medium,15s,95.56
ltx_2_19b_distilled,vehicle,5,long,5s,37.04
ltx_2_19b_distilled,vehicle,5,long,10s,63.85
ltx_2_19b_distilled,vehicle,5,long,15s,92.09
wan_2_2_14b,animal,1,short,5s,1639.5
wan_2_2_14b,animal,1,short,10s,3104.71
wan_2_2_14b,animal,1,short,15s,4087.66
wan_2_2_14b,animal,1,medium,5s,1031.25
wan_2_2_14b,animal,1,medium,10s,3105.26
wan_2_2_14b,animal,1,long,5s,1027.86
wan_2_2_14b,animal,1,long,10s,3107.46
wan_2_2_14b,animal,2,short,5s,1028.1
wan_2_2_14b,animal,2,short,10s,3101.52
wan_2_2_14b,animal,2,medium,5s,1028.29
wan_2_2_14b,animal,2,medium,10s,3102.81
wan_2_2_14b,animal,2,long,5s,1028.78
wan_2_2_14b,animal,2,long,10s,3104.49
wan_2_2_14b,animal,3,short,5s,1026.81
wan_2_2_14b,animal,3,short,10s,3100.41
wan_2_2_14b,animal,3,medium,5s,1028.11
wan_2_2_5b,animal,1,short,5s,322.84
wan_2_2_5b,animal,1,short,10s,185.15
wan_2_2_5b,animal,1,short,15s,322.28
wan_2_2_5b,animal,1,medium,5s,80.62
wan_2_2_5b,animal,1,medium,10s,185.64
wan_2_2_5b,animal,1,medium,15s,322.67
wan_2_2_5b,animal,1,long,5s,80.31
wan_2_2_5b,animal,1,long,10s,185.73
wan_2_2_5b,animal,1,long,15s,321.41
wan_2_2_5b,animal,2,short,5s,79.83
wan_2_2_5b,animal,2,short,10s,186.43
wan_2_2_5b,animal,2,short,15s,322.35
wan_2_2_5b,animal,2,medium,5s,81.17
wan_2_2_5b,animal,2,medium,10s,185.29
wan_2_2_5b,animal,2,medium,15s,323.02
wan_2_2_5b,animal,2,long,5s,80.05
wan_2_2_5b,animal,2,long,10s,185.89
wan_2_2_5b,animal,2,long,15s,322.09
wan_2_2_5b,animal,3,short,5s,80.39
wan_2_2_5b,animal,3,short,10s,185.48
wan_2_2_5b,animal,3,short,15s,322.6
wan_2_2_5b,animal,3,medium,5s,79.74
wan_2_2_5b,animal,3,medium,10s,184.77
wan_2_2_5b,animal,3,medium,15s,321.27
wan_2_2_5b,animal,3,long,5s,79.53
wan_2_2_5b,animal,3,long,10s,185.96
wan_2_2_5b,animal,3,long,15s,322.19
wan_2_2_5b,animal,4,short,5s,84.85
wan_2_2_5b,animal,4,short,10s,196.57
wan_2_2_5b,animal,4,short,15s,352.12
wan_2_2_5b,animal,4,medium,5s,90.41
wan_2_2_5b,animal,4,medium,10s,195.84
wan_2_2_5b,animal,4,medium,15s,322.69
wan_2_2_5b,animal,4,long,5s,81.33
wan_2_2_5b,animal,4,long,10s,189.99
wan_2_2_5b,animal,4,long,15s,331.05
wan_2_2_5b,animal,5,short,5s,83.33
wan_2_2_5b,animal,5,short,10s,189.97
wan_2_2_5b,animal,5,short,15s,328.33
wan_2_2_5b,animal,5,medium,5s,80.67
wan_2_2_5b,animal,5,medium,10s,188.43
wan_2_2_5b,animal,5,medium,15s,326.27
wan_2_2_5b,animal,5,long,5s,88.19
wan_2_2_5b,animal,5,long,10s,185.75
wan_2_2_5b,animal,5,long,15s,323.14
wan_2_2_5b,architecture,1,short,5s,82.04
wan_2_2_5b,architecture,1,short,10s,186.96
wan_2_2_5b,architecture,1,short,15s,322.43
wan_2_2_5b,architecture,1,medium,5s,79.72
wan_2_2_5b,architecture,1,medium,10s,186.35
wan_2_2_5b,architecture,1,medium,15s,322.94
wan_2_2_5b,architecture,1,long,5s,81.27
wan_2_2_5b,architecture,1,long,10s,185.34
wan_2_2_5b,architecture,1,long,15s,322.72
wan_2_2_5b,architecture,2,short,5s,81.29
wan_2_2_5b,architecture,2,short,10s,188.36
wan_2_2_5b,architecture,2,short,15s,322.2
wan_2_2_5b,architecture,2,medium,5s,80.1
wan_2_2_5b,architecture,2,medium,10s,187.48
wan_2_2_5b,architecture,2,medium,15s,322.98
wan_2_2_5b,architecture,2,long,5s,80.46
wan_2_2_5b,architecture,2,long,10s,185.76
wan_2_2_5b,architecture,2,long,15s,323.6
wan_2_2_5b,architecture,3,short,5s,81.08
wan_2_2_5b,architecture,3,short,10s,186.07
wan_2_2_5b,architecture,3,short,15s,323.07
wan_2_2_5b,architecture,3,medium,5s,80.8
wan_2_2_5b,architecture,3,medium,10s,188.34
wan_2_2_5b,architecture,3,medium,15s,321.54
wan_2_2_5b,architecture,3,long,5s,80.56
wan_2_2_5b,architecture,3,long,10s,186.94
wan_2_2_5b,architecture,3,long,15s,322.62
wan_2_2_5b,architecture,4,short,5s,81.35
wan_2_2_5b,architecture,4,short,10s,186.09
wan_2_2_5b,architecture,4,short,15s,322.94
wan_2_2_5b,architecture,4,medium,5s,80.79
wan_2_2_5b,architecture,4,medium,10s,186.13
wan_2_2_5b,architecture,4,medium,15s,322.95
wan_2_2_5b,architecture,4,long,5s,79.39
wan_2_2_5b,architecture,4,long,10s,185.02
wan_2_2_5b,architecture,4,long,15s,322.07
wan_2_2_5b,architecture,5,short,5s,79.61
wan_2_2_5b,architecture,5,short,10s,185.63
wan_2_2_5b,architecture,5,short,15s,321.1
wan_2_2_5b,architecture,5,medium,5s,79.49
wan_2_2_5b,architecture,5,medium,10s,185.93
wan_2_2_5b,architecture,5,medium,15s,321.14
wan_2_2_5b,architecture,5,long,5s,79.64
wan_2_2_5b,architecture,5,long,10s,185.43
wan_2_2_5b,architecture,5,long,15s,321.56
wan_2_2_5b,food,1,short,5s,79.97
wan_2_2_5b,food,1,short,10s,185.1
wan_2_2_5b,food,1,short,15s,321.17
wan_2_2_5b,food,1,medium,5s,79.64
wan_2_2_5b,food,1,medium,10s,185.03
wan_2_2_5b,food,1,medium,15s,322.82
wan_2_2_5b,food,1,long,5s,79.6
wan_2_2_5b,food,1,long,10s,185.15
wan_2_2_5b,food,1,long,15s,321.04
wan_2_2_5b,food,2,short,5s,79.58
wan_2_2_5b,food,2,short,10s,185.75
wan_2_2_5b,food,2,short,15s,323.39
wan_2_2_5b,food,2,medium,5s,80.26
wan_2_2_5b,food,2,medium,10s,185.75
wan_2_2_5b,food,2,medium,15s,322.21
wan_2_2_5b,food,2,long,5s,81.79
wan_2_2_5b,food,2,long,10s,186.4
wan_2_2_5b,food,2,long,15s,322.41
wan_2_2_5b,food,3,short,5s,82.01
wan_2_2_5b,food,3,short,10s,185.73
wan_2_2_5b,food,3,short,15s,325.25
wan_2_2_5b,food,3,medium,5s,81.02
wan_2_2_5b,food,3,medium,10s,186.82
wan_2_2_5b,food,3,medium,15s,321.68
wan_2_2_5b,food,3,long,5s,79.6
wan_2_2_5b,food,3,long,10s,185.62
wan_2_2_5b,food,3,long,15s,323.07
wan_2_2_5b,food,4,short,5s,79.7
wan_2_2_5b,food,4,short,10s,185.19
wan_2_2_5b,food,4,short,15s,321.61
wan_2_2_5b,food,4,medium,5s,80.76
wan_2_2_5b,food,4,medium,10s,186.1
wan_2_2_5b,food,4,medium,15s,322.24
wan_2_2_5b,food,4,long,5s,80.17
wan_2_2_5b,food,4,long,10s,186.8
wan_2_2_5b,food,4,long,15s,322.24
wan_2_2_5b,food,5,short,5s,80.01
wan_2_2_5b,food,5,short,10s,185.24
wan_2_2_5b,food,5,short,15s,321.41
wan_2_2_5b,food,5,medium,5s,79.6
wan_2_2_5b,food,5,medium,10s,184.97
wan_2_2_5b,food,5,medium,15s,323.84
wan_2_2_5b,food,5,long,5s,79.73
wan_2_2_5b,food,5,long,10s,185.21
wan_2_2_5b,food,5,long,15s,321.84
wan_2_2_5b,human,1,short,5s,128.12
wan_2_2_5b,human,1,short,10s,205.55
wan_2_2_5b,human,1,short,15s,312.45
wan_2_2_5b,human,1,medium,5s,78.19
wan_2_2_5b,human,1,medium,10s,180.3
wan_2_2_5b,human,1,medium,15s,480.81
wan_2_2_5b,human,1,long,5s,100.53
wan_2_2_5b,human,1,long,10s,183.05
wan_2_2_5b,human,1,long,15s,315.61
wan_2_2_5b,human,2,short,5s,78.23
wan_2_2_5b,human,2,short,10s,352.69
wan_2_2_5b,human,2,short,15s,457.85
wan_2_2_5b,human,2,medium,5s,100.71
wan_2_2_5b,human,2,medium,10s,180.38
wan_2_2_5b,human,2,medium,15s,312.07
wan_2_2_5b,human,2,long,5s,78.01
wan_2_2_5b,human,2,long,10s,180.24
wan_2_2_5b,human,2,long,15s,312.32
wan_2_2_5b,human,3,short,5s,78.11
wan_2_2_5b,human,3,short,10s,180.24
wan_2_2_5b,human,3,short,15s,461.82
wan_2_2_5b,human,3,medium,5s,129.4
wan_2_2_5b,human,3,medium,10s,229.43
wan_2_2_5b,human,3,medium,15s,358.65
wan_2_2_5b,human,3,long,5s,78.3
wan_2_2_5b,human,3,long,10s,180.75
wan_2_2_5b,human,3,long,15s,312.74
wan_2_2_5b,human,4,short,5s,78.06
wan_2_2_5b,human,4,short,10s,180.24
wan_2_2_5b,human,4,short,15s,311.9
wan_2_2_5b,human,4,medium,5s,78.32
wan_2_2_5b,human,4,medium,10s,180.44
wan_2_2_5b,human,4,medium,15s,312.61
wan_2_2_5b,human,4,long,5s,78.2
wan_2_2_5b,human,4,long,10s,180.36
wan_2_2_5b,human,4,long,15s,312.55
wan_2_2_5b,human,5,short,5s,78.08
wan_2_2_5b,human,5,short,10s,180.58
wan_2_2_5b,human,5,short,15s,312.01
wan_2_2_5b,human,5,medium,5s,78.2
wan_2_2_5b,human,5,medium,10s,180.31
wan_2_2_5b,human,5,medium,15s,312.23
wan_2_2_5b,human,5,long,5s,78.15
wan_2_2_5b,human,5,long,10s,180.77
wan_2_2_5b,human,5,long,15s,312.08
wan_2_2_5b,lifestyle,1,short,5s,79.54
wan_2_2_5b,lifestyle,1,short,10s,187.66
wan_2_2_5b,lifestyle,1,short,15s,323.81
wan_2_2_5b,lifestyle,1,medium,5s,79.62
wan_2_2_5b,lifestyle,1,medium,10s,185.76
wan_2_2_5b,lifestyle,1,medium,15s,323.84
wan_2_2_5b,lifestyle,1,long,5s,81.39
wan_2_2_5b,lifestyle,1,long,10s,187.52
wan_2_2_5b,lifestyle,1,long,15s,322.36
wan_2_2_5b,lifestyle,2,short,5s,79.83
wan_2_2_5b,lifestyle,2,short,10s,185.28
wan_2_2_5b,lifestyle,2,short,15s,323.21
wan_2_2_5b,lifestyle,2,medium,5s,80.86
wan_2_2_5b,lifestyle,2,medium,10s,186.29
wan_2_2_5b,lifestyle,2,medium,15s,322.45
wan_2_2_5b,lifestyle,2,long,5s,81.35
wan_2_2_5b,lifestyle,2,long,10s,187.47
wan_2_2_5b,lifestyle,2,long,15s,322.86
wan_2_2_5b,lifestyle,3,short,5s,80.3
wan_2_2_5b,lifestyle,3,short,10s,186.31
wan_2_2_5b,lifestyle,3,short,15s,321.99
wan_2_2_5b,lifestyle,3,medium,5s,80.6
wan_2_2_5b,lifestyle,3,medium,10s,416.4
wan_2_2_5b,lifestyle,3,medium,15s,324.63
wan_2_2_5b,lifestyle,3,long,5s,81.79
wan_2_2_5b,lifestyle,3,long,10s,188.13
wan_2_2_5b,lifestyle,3,long,15s,541.63
wan_2_2_5b,lifestyle,4,short,5s,80.25
wan_2_2_5b,lifestyle,4,short,10s,187.31
wan_2_2_5b,lifestyle,4,short,15s,651.45
wan_2_2_5b,lifestyle,4,medium,5s,80.31
wan_2_2_5b,lifestyle,4,medium,10s,188.17
wan_2_2_5b,lifestyle,4,medium,15s,321.81
wan_2_2_5b,lifestyle,4,long,5s,80.61
wan_2_2_5b,lifestyle,4,long,10s,187.88
wan_2_2_5b,lifestyle,4,long,15s,326.68
wan_2_2_5b,lifestyle,5,short,5s,80.31
wan_2_2_5b,lifestyle,5,short,10s,187.12
wan_2_2_5b,lifestyle,5,short,15s,321.07
wan_2_2_5b,lifestyle,5,medium,5s,80.08
wan_2_2_5b,lifestyle,5,medium,10s,188.44
wan_2_2_5b,lifestyle,5,medium,15s,322.08
wan_2_2_5b,lifestyle,5,long,5s,81.66
wan_2_2_5b,lifestyle,5,long,10s,185.92
wan_2_2_5b,lifestyle,5,long,15s,322.55
wan_2_2_5b,plant,1,short,5s,78.37
wan_2_2_5b,plant,1,short,10s,180.72
wan_2_2_5b,plant,1,short,15s,312.88
wan_2_2_5b,plant,1,medium,5s,78.35
wan_2_2_5b,plant,1,medium,10s,180.77
wan_2_2_5b,plant,1,medium,15s,312.21
wan_2_2_5b,plant,1,long,5s,78.2
wan_2_2_5b,plant,1,long,10s,180.35
wan_2_2_5b,plant,1,long,15s,312.34
wan_2_2_5b,plant,2,short,5s,78.31
wan_2_2_5b,plant,2,short,10s,180.74
wan_2_2_5b,plant,2,short,15s,311.81
wan_2_2_5b,plant,2,medium,5s,78.19
wan_2_2_5b,plant,2,medium,10s,180.3
wan_2_2_5b,plant,2,medium,15s,318.32
wan_2_2_5b,plant,2,long,5s,58.61
wan_2_2_5b,plant,2,long,10s,134.59
wan_2_2_5b,plant,2,long,15s,229.46
wan_2_2_5b,plant,3,short,5s,58.82
wan_2_2_5b,plant,3,short,10s,134.74
wan_2_2_5b,plant,3,short,15s,229.39
wan_2_2_5b,plant,3,medium,5s,58.94
wan_2_2_5b,plant,3,medium,10s,135.03
wan_2_2_5b,plant,3,medium,15s,229.72
wan_2_2_5b,plant,3,long,5s,58.89
wan_2_2_5b,plant,3,long,10s,134.89
wan_2_2_5b,plant,3,long,15s,229.54
wan_2_2_5b,plant,4,short,5s,58.75
wan_2_2_5b,plant,4,short,10s,134.75
wan_2_2_5b,plant,4,short,15s,229.51
wan_2_2_5b,plant,4,medium,5s,58.79
wan_2_2_5b,plant,4,medium,10s,134.71
wan_2_2_5b,plant,4,medium,15s,229.24
wan_2_2_5b,plant,4,long,5s,58.77
wan_2_2_5b,plant,4,long,10s,134.72
wan_2_2_5b,plant,4,long,15s,229.55
wan_2_2_5b,plant,5,short,5s,58.87
wan_2_2_5b,plant,5,short,10s,135.05
wan_2_2_5b,plant,5,short,15s,230.0
wan_2_2_5b,plant,5,medium,5s,58.88
wan_2_2_5b,plant,5,medium,10s,135.11
wan_2_2_5b,plant,5,medium,15s,229.96
wan_2_2_5b,plant,5,long,5s,58.92
wan_2_2_5b,plant,5,long,10s,135.03
wan_2_2_5b,plant,5,long,15s,230.05
wan_2_2_5b,scenery,1,short,5s,408.94
wan_2_2_5b,scenery,1,short,10s,205.29
wan_2_2_5b,scenery,1,short,15s,425.7
wan_2_2_5b,scenery,1,medium,5s,129.77
wan_2_2_5b,scenery,1,medium,10s,215.95
wan_2_2_5b,scenery,1,medium,15s,356.25
wan_2_2_5b,scenery,1,long,5s,80.08
wan_2_2_5b,scenery,1,long,10s,261.19
wan_2_2_5b,scenery,1,long,15s,439.21
wan_2_2_5b,scenery,2,short,5s,154.95
wan_2_2_5b,scenery,2,short,10s,310.42
wan_2_2_5b,scenery,2,short,15s,621.25
wan_2_2_5b,scenery,2,medium,5s,80.15
wan_2_2_5b,scenery,2,medium,10s,234.73
wan_2_2_5b,scenery,2,medium,15s,312.84
wan_2_2_5b,scenery,2,long,5s,78.49
wan_2_2_5b,scenery,2,long,10s,181.93
wan_2_2_5b,scenery,2,long,15s,312.63
wan_2_2_5b,scenery,3,short,5s,78.56
wan_2_2_5b,scenery,3,short,10s,182.77
wan_2_2_5b,scenery,3,short,15s,314.51
wan_2_2_5b,scenery,3,medium,5s,78.36
wan_2_2_5b,scenery,3,medium,10s,201.31
wan_2_2_5b,scenery,3,medium,15s,324.22
wan_2_2_5b,scenery,3,long,5s,79.43
wan_2_2_5b,scenery,3,long,10s,182.31
wan_2_2_5b,scenery,3,long,15s,314.61
wan_2_2_5b,scenery,4,short,5s,78.69
wan_2_2_5b,scenery,4,short,10s,181.78
wan_2_2_5b,scenery,4,short,15s,314.09
wan_2_2_5b,scenery,4,medium,5s,78.72
wan_2_2_5b,scenery,4,medium,10s,181.74
wan_2_2_5b,scenery,4,medium,15s,314.22
wan_2_2_5b,scenery,4,long,5s,78.81
wan_2_2_5b,scenery,4,long,10s,181.55
wan_2_2_5b,scenery,4,long,15s,311.62
wan_2_2_5b,scenery,5,short,5s,77.95
wan_2_2_5b,scenery,5,short,10s,180.29
wan_2_2_5b,scenery,5,short,15s,318.87
wan_2_2_5b,scenery,5,medium,5s,78.11
wan_2_2_5b,scenery,5,medium,10s,180.66
wan_2_2_5b,scenery,5,medium,15s,312.09
wan_2_2_5b,scenery,5,long,5s,78.11
wan_2_2_5b,scenery,5,long,10s,180.2
wan_2_2_5b,scenery,5,long,15s,395.87
wan_2_2_5b,vehicle,1,short,5s,58.68
wan_2_2_5b,vehicle,1,short,10s,134.81
wan_2_2_5b,vehicle,1,short,15s,229.91
wan_2_2_5b,vehicle,1,medium,5s,58.84
wan_2_2_5b,vehicle,1,medium,10s,134.76
wan_2_2_5b,vehicle,1,medium,15s,229.8
wan_2_2_5b,vehicle,1,long,5s,58.77
wan_2_2_5b,vehicle,1,long,10s,134.65
wan_2_2_5b,vehicle,1,long,15s,229.37
wan_2_2_5b,vehicle,2,short,5s,58.85
wan_2_2_5b,vehicle,2,short,10s,134.83
wan_2_2_5b,vehicle,2,short,15s,229.44
wan_2_2_5b,vehicle,2,medium,5s,58.82
wan_2_2_5b,vehicle,2,medium,10s,135.71
wan_2_2_5b,vehicle,2,medium,15s,229.14
wan_2_2_5b,vehicle,2,long,5s,58.79
wan_2_2_5b,vehicle,2,long,10s,134.87
wan_2_2_5b,vehicle,2,long,15s,229.51
wan_2_2_5b,vehicle,3,short,5s,58.85
wan_2_2_5b,vehicle,3,short,10s,134.78
wan_2_2_5b,vehicle,3,short,15s,229.8
wan_2_2_5b,vehicle,3,medium,5s,58.98
wan_2_2_5b,vehicle,3,medium,10s,135.23
wan_2_2_5b,vehicle,3,medium,15s,230.06
wan_2_2_5b,vehicle,3,long,5s,58.99
wan_2_2_5b,vehicle,3,long,10s,134.98
wan_2_2_5b,vehicle,3,long,15s,229.93
wan_2_2_5b,vehicle,4,short,5s,58.78
wan_2_2_5b,vehicle,4,short,10s,134.8
wan_2_2_5b,vehicle,4,short,15s,229.31
wan_2_2_5b,vehicle,4,medium,5s,58.79
wan_2_2_5b,vehicle,4,medium,10s,134.95
wan_2_2_5b,vehicle,4,medium,15s,229.35
wan_2_2_5b,vehicle,4,long,5s,58.73
wan_2_2_5b,vehicle,4,long,10s,134.58
wan_2_2_5b,vehicle,4,long,15s,229.33
wan_2_2_5b,vehicle,5,short,5s,58.67
wan_2_2_5b,vehicle,5,short,10s,134.56
wan_2_2_5b,vehicle,5,short,15s,229.26
wan_2_2_5b,vehicle,5,medium,5s,58.76
wan_2_2_5b,vehicle,5,medium,10s,134.67
wan_2_2_5b,vehicle,5,medium,15s,229.19
wan_2_2_5b,vehicle,5,long,5s,58.78
wan_2_2_5b,vehicle,5,long,10s,134.7
wan_2_2_5b,vehicle,5,long,15s,229.42
